lncRNA,mature_mirna_id,clipExpNum
LINC01116,hsa-miR-3614-5p,1
LINC01116,hsa-miR-432-5p,1
LINC01116,hsa-miR-6512-3p,1
LINC01116,hsa-miR-6720-5p,1
LINC01116,hsa-miR-3690,1
LINC01116,hsa-miR-432-5p,0
DIO3OS,hsa-miR-24-3p,0
DIO3OS,hsa-miR-24-3p,1
NEAT1,hsa-miR-339-5p,5
NEAT1,hsa-miR-324-5p,8
NEAT1,hsa-miR-125a-5p,12
NEAT1,hsa-miR-4319,8
NEAT1,hsa-miR-345-3p,8
NEAT1,hsa-miR-339-5p,6
NEAT1,hsa-miR-361-3p,12
NEAT1,hsa-miR-1913,8
NEAT1,hsa-miR-324-3p,8
NEAT1,hsa-miR-5581-3p,10
NEAT1,hsa-miR-3145-3p,12
NEAT1,hsa-miR-449c-5p,6
NEAT1,hsa-miR-2682-5p,6
NEAT1,hsa-miR-34b-5p,6
NEAT1,hsa-miR-335-5p,18
NEAT1,hsa-miR-345-5p,2
NEAT1,hsa-miR-3173-5p,20
NEAT1,hsa-miR-6799-3p,20
NEAT1,hsa-miR-3622b-5p,12
NEAT1,hsa-miR-129-1-3p,17
NEAT1,hsa-miR-129-2-3p,17
NEAT1,hsa-miR-2355-5p,19
NEAT1,hsa-miR-4640-5p,4
NEAT1,hsa-miR-4726-5p,4
NEAT1,hsa-miR-1247-5p,8
NEAT1,hsa-miR-296-5p,5
NEAT1,hsa-miR-3690,8
NEAT1,hsa-miR-1306-5p,10
NEAT1,hsa-miR-483-3p,19
NEAT1,hsa-miR-652-3p,22
NEAT1,hsa-miR-3605-5p,21
NEAT1,hsa-miR-3146,27
NEAT1,hsa-miR-214-5p,22
NEAT1,hsa-miR-503-5p,17
NEAT1,hsa-miR-409-3p,14
NEAT1,hsa-miR-513b-5p,14
NEAT1,hsa-miR-3179,9
NEAT1,hsa-miR-4739,9
NEAT1,hsa-miR-766-5p,8
NEAT1,hsa-miR-4756-5p,6
NEAT1,hsa-miR-1321,6
NEAT1,hsa-miR-885-5p,26
NEAT1,hsa-miR-181a-5p,32
NEAT1,hsa-miR-181c-5p,32
NEAT1,hsa-miR-181b-5p,32
NEAT1,hsa-miR-181d-5p,32
NEAT1,hsa-miR-4262,30
NEAT1,hsa-miR-1287-5p,24
NEAT1,hsa-miR-5688,10
NEAT1,hsa-miR-495-3p,10
NEAT1,hsa-miR-802,10
NEAT1,hsa-miR-625-3p,12
NEAT1,hsa-miR-671-3p,14
NEAT1,hsa-miR-193b-3p,14
NEAT1,hsa-miR-193a-3p,13
NEAT1,hsa-miR-342-3p,11
NEAT1,hsa-miR-3146,12
NEAT1,hsa-miR-146a-5p,3
NEAT1,hsa-miR-146b-5p,3
NEAT1,hsa-miR-7153-5p,3
NEAT1,hsa-miR-224-3p,7
NEAT1,hsa-miR-522-3p,7
NEAT1,hsa-miR-320a,7
NEAT1,hsa-miR-320b,7
NEAT1,hsa-miR-4429,6
NEAT1,hsa-miR-320c,6
NEAT1,hsa-miR-320d,6
NEAT1,hsa-miR-760,5
NEAT1,hsa-miR-6893-3p,4
NEAT1,hsa-miR-370-3p,4
NEAT1,hsa-miR-6738-5p,3
NEAT1,hsa-miR-5194,3
NEAT1,hsa-miR-1914-3p,3
NEAT1,hsa-miR-103a-3p,1
NEAT1,hsa-miR-107,1
NEAT1,hsa-miR-1323,10
NEAT1,hsa-miR-548o-3p,10
NEAT1,hsa-miR-370-5p,35
NEAT1,hsa-miR-552-3p,46
NEAT1,hsa-miR-605-3p,42
NEAT1,hsa-miR-2355-5p,25
NEAT1,hsa-miR-1277-5p,26
NEAT1,hsa-miR-425-5p,38
NEAT1,hsa-miR-377-3p,18
NEAT1,hsa-miR-342-3p,18
NEAT1,hsa-miR-365a-3p,20
NEAT1,hsa-miR-365b-3p,20
NEAT1,hsa-miR-1276,6
NEAT1,hsa-miR-3909,6
NEAT1,hsa-miR-6852-3p,5
NEAT1,hsa-miR-532-3p,7
NEAT1,hsa-miR-1247-5p,10
NEAT1,hsa-miR-624-5p,2
NEAT1,hsa-miR-770-5p,1
NEAT1,hsa-miR-4712-5p,1
NEAT1,hsa-miR-126-5p,11
NEAT1,hsa-miR-330-3p,18
NEAT1,hsa-miR-582-3p,5
NEAT1,hsa-miR-9-5p,7
NEAT1,hsa-miR-204-5p,7
NEAT1,hsa-miR-211-5p,7
NEAT1,hsa-miR-329-3p,9
NEAT1,hsa-miR-362-3p,9
NEAT1,hsa-miR-377-3p,9
NEAT1,hsa-miR-4677-3p,12
NEAT1,hsa-miR-641,14
NEAT1,hsa-miR-3617-5p,13
NEAT1,hsa-miR-766-5p,11
NEAT1,hsa-miR-665,10
NEAT1,hsa-miR-4701-5p,12
NEAT1,hsa-miR-588,12
NEAT1,hsa-miR-27a-3p,19
NEAT1,hsa-miR-27b-3p,19
NEAT1,hsa-miR-499a-5p,5
NEAT1,hsa-miR-513b-5p,13
NEAT1,hsa-miR-433-3p,8
NEAT1,hsa-miR-3622a-5p,13
NEAT1,hsa-miR-124-3p,11
NEAT1,hsa-miR-506-3p,11
NEAT1,hsa-miR-889-3p,5
NEAT1,hsa-miR-126-5p,3
NEAT1,hsa-miR-28-3p,1
NEAT1,hsa-miR-524-5p,9
NEAT1,hsa-miR-520d-5p,9
NEAT1,hsa-miR-154-5p,11
NEAT1,hsa-miR-944,5
NEAT1,hsa-miR-181a-5p,5
NEAT1,hsa-miR-181b-5p,5
NEAT1,hsa-miR-181c-5p,5
NEAT1,hsa-miR-181d-5p,5
NEAT1,hsa-miR-543,4
NEAT1,hsa-miR-4262,4
NEAT1,hsa-miR-6835-3p,5
NEAT1,hsa-miR-204-5p,19
NEAT1,hsa-miR-211-5p,19
NEAT1,hsa-miR-506-3p,41
NEAT1,hsa-miR-124-3p,41
NEAT1,hsa-miR-377-3p,52
NEAT1,hsa-miR-1252-5p,1
NEAT1,hsa-miR-505-3p,6
NEAT1,hsa-miR-616-3p,17
NEAT1,hsa-miR-655-3p,17
NEAT1,hsa-miR-374c-5p,15
NEAT1,hsa-miR-582-5p,60
NEAT1,hsa-miR-770-5p,36
NEAT1,hsa-miR-4712-5p,29
NEAT1,hsa-miR-194-5p,12
NEAT1,hsa-miR-493-5p,13
NEAT1,hsa-miR-371a-5p,9
NEAT1,hsa-miR-888-5p,9
NEAT1,hsa-miR-576-5p,6
NEAT1,hsa-miR-3942-5p,8
NEAT1,hsa-miR-4766-3p,8
NEAT1,hsa-miR-4703-5p,8
NEAT1,hsa-miR-411-3p,10
NEAT1,hsa-miR-379-3p,10
NEAT1,hsa-miR-605-3p,10
NEAT1,hsa-miR-5009-3p,5
NEAT1,hsa-miR-432-5p,2
NEAT1,hsa-miR-409-5p,3
NEAT1,hsa-miR-369-3p,6
NEAT1,hsa-miR-3614-5p,6
NEAT1,hsa-miR-2278,5
NEAT1,hsa-miR-421,5
NEAT1,hsa-miR-23c,3
NEAT1,hsa-miR-23a-3p,3
NEAT1,hsa-miR-23b-3p,3
NEAT1,hsa-miR-130a-5p,3
NEAT1,hsa-miR-140-5p,4
NEAT1,hsa-miR-205-5p,3
NEAT1,hsa-miR-362-3p,3
NEAT1,hsa-miR-329-3p,3
NEAT1,hsa-miR-656-3p,0
NEAT1,hsa-miR-624-5p,4
NEAT1,hsa-miR-506-5p,4
NEAT1,hsa-miR-656-3p,4
NEAT1,hsa-miR-448,4
NEAT1,hsa-miR-150-5p,3
NEAT1,hsa-miR-6720-5p,3
NEAT1,hsa-miR-6512-3p,3
NEAT1,hsa-miR-1294,2
NEAT1,hsa-miR-668-3p,4
NEAT1,hsa-miR-671-5p,8
NEAT1,hsa-miR-342-3p,5
NEAT1,hsa-miR-3171,16
NEAT1,hsa-miR-450b-5p,21
NEAT1,hsa-miR-2682-5p,17
NEAT1,hsa-miR-34b-5p,17
NEAT1,hsa-miR-449c-5p,17
NEAT1,hsa-miR-665,18
NEAT1,hsa-miR-132-3p,17
NEAT1,hsa-miR-212-3p,17
NEAT1,hsa-miR-301a-3p,16
NEAT1,hsa-miR-454-3p,16
NEAT1,hsa-miR-301b-3p,16
NEAT1,hsa-miR-130a-3p,16
NEAT1,hsa-miR-130b-3p,16
NEAT1,hsa-miR-148a-3p,16
NEAT1,hsa-miR-148b-3p,16
NEAT1,hsa-miR-3666,16
NEAT1,hsa-miR-152-3p,16
NEAT1,hsa-miR-4295,14
NEAT1,hsa-miR-34c-5p,14
NEAT1,hsa-miR-34a-5p,14
NEAT1,hsa-miR-449a,14
NEAT1,hsa-miR-449b-5p,14
NEAT1,hsa-miR-485-5p,15
NEAT1,hsa-miR-6884-5p,15
NEAT1,hsa-miR-204-5p,15
NEAT1,hsa-miR-211-5p,15
NEAT1,hsa-miR-129-1-3p,2
NEAT1,hsa-miR-129-2-3p,2
NEAT1,hsa-miR-331-3p,2
NEAT1,hsa-miR-133a-3p,2
NEAT1,hsa-miR-133b,2
NEAT1,hsa-miR-433-3p,4
NEAT1,hsa-miR-186-5p,4
NEAT1,hsa-miR-1252-5p,5
NEAT1,hsa-miR-1301-3p,5
NEAT1,hsa-miR-5047,5
NEAT1,hsa-miR-6799-3p,6
NEAT1,hsa-miR-3173-5p,6
NEAT1,hsa-miR-410-3p,11
NEAT1,hsa-miR-1914-3p,13
NEAT1,hsa-miR-5194,13
NEAT1,hsa-miR-142-3p,13
NEAT1,hsa-miR-199a-3p,13
NEAT1,hsa-miR-199b-3p,13
NEAT1,hsa-miR-3129-5p,13
NEAT1,hsa-miR-2355-5p,11
NEAT1,hsa-miR-3164,10
NEAT1,hsa-miR-6820-3p,10
NEAT1,hsa-miR-3681-3p,12
NEAT1,hsa-miR-216a-3p,11
NEAT1,hsa-miR-128-3p,9
NEAT1,hsa-miR-541-3p,8
NEAT1,hsa-miR-654-5p,6
NEAT1,hsa-miR-299-5p,6
NEAT1,hsa-miR-1270,4
NEAT1,hsa-miR-620,4
NEAT1,hsa-miR-432-5p,4
NEAT1,hsa-miR-330-3p,1
NEAT1,hsa-miR-4731-5p,0
NEAT1,hsa-miR-29b-3p,20
NEAT1,hsa-miR-29a-3p,20
NEAT1,hsa-miR-29c-3p,20
NEAT1,hsa-miR-3612,9
NEAT1,hsa-miR-650,9
NEAT1,hsa-miR-331-3p,6
NEAT1,hsa-miR-186-5p,7
NEAT1,hsa-miR-605-3p,4
NEAT1,hsa-miR-3679-5p,8
NEAT1,hsa-miR-1185-5p,7
NEAT1,hsa-miR-3200-5p,7
NEAT1,hsa-miR-1306-5p,7
NEAT1,hsa-miR-3942-5p,5
NEAT1,hsa-miR-4703-5p,5
NEAT1,hsa-miR-4766-3p,5
NEAT1,hsa-miR-892c-5p,2
NEAT1,hsa-miR-556-3p,6
NEAT1,hsa-miR-149-5p,4
NEAT1,hsa-miR-200c-3p,5
NEAT1,hsa-miR-200b-3p,5
NEAT1,hsa-miR-429,5
NEAT1,hsa-miR-323b-3p,6
NEAT1,hsa-miR-2114-3p,6
NEAT1,hsa-miR-6823-3p,6
NEAT1,hsa-miR-490-3p,6
NEAT1,hsa-miR-512-3p,6
NEAT1,hsa-miR-501-3p,13
NEAT1,hsa-miR-502-3p,13
NEAT1,hsa-miR-216b-5p,10
NEAT1,hsa-miR-520a-5p,5
NEAT1,hsa-miR-525-5p,5
NEAT1,hsa-miR-425-5p,8
NEAT1,hsa-miR-3605-5p,9
NEAT1,hsa-miR-1911-5p,5
NEAT1,hsa-miR-624-5p,5
NEAT1,hsa-miR-1266-3p,10
NEAT1,hsa-miR-532-5p,5
NEAT1,hsa-miR-18a-5p,5
NEAT1,hsa-miR-18b-5p,5
NEAT1,hsa-miR-4735-3p,5
NEAT1,hsa-miR-488-3p,6
NEAT1,hsa-miR-4766-5p,6
NEAT1,hsa-miR-148a-3p,9
NEAT1,hsa-miR-148b-3p,9
NEAT1,hsa-miR-449c-5p,9
NEAT1,hsa-miR-152-3p,9
NEAT1,hsa-miR-2682-5p,9
NEAT1,hsa-miR-449a,9
NEAT1,hsa-miR-449b-5p,9
NEAT1,hsa-miR-34a-5p,9
NEAT1,hsa-miR-34c-5p,9
NEAT1,hsa-miR-34b-5p,9
NEAT1,hsa-miR-944,3
NEAT1,hsa-miR-545-5p,2
NEAT1,hsa-miR-450b-5p,4
NEAT1,hsa-miR-1224-5p,5
NEAT1,hsa-miR-455-5p,2
NEAT1,hsa-miR-3121-3p,1
NEAT1,hsa-miR-224-5p,1
NEAT1,hsa-miR-675-3p,1
NEAT1,hsa-miR-10a-5p,1
NEAT1,hsa-miR-10b-5p,1
NEAT1,hsa-miR-1179,7
NEAT1,hsa-miR-3924,9
NEAT1,hsa-miR-212-3p,4
NEAT1,hsa-miR-132-3p,4
NEAT1,hsa-miR-4703-5p,3
NEAT1,hsa-miR-4766-3p,3
NEAT1,hsa-miR-3942-5p,3
NEAT1,hsa-miR-370-3p,9
NEAT1,hsa-miR-6893-3p,9
NEAT1,hsa-miR-605-3p,8
NEAT1,hsa-miR-671-3p,5
NEAT1,hsa-miR-520a-5p,10
NEAT1,hsa-miR-525-5p,10
NEAT1,hsa-miR-330-3p,9
NEAT1,hsa-miR-624-3p,10
NEAT1,hsa-miR-514a-3p,10
NEAT1,hsa-miR-514b-3p,10
NEAT1,hsa-miR-329-3p,18
NEAT1,hsa-miR-362-3p,18
NEAT1,hsa-miR-485-3p,19
NEAT1,hsa-miR-539-3p,19
NEAT1,hsa-miR-154-3p,18
NEAT1,hsa-miR-487a-3p,18
NEAT1,hsa-miR-3140-3p,4
NEAT1,hsa-miR-135b-5p,4
NEAT1,hsa-miR-135a-5p,4
NEAT1,hsa-miR-410-3p,1
NEAT1,hsa-miR-128-3p,10
NEAT1,hsa-miR-3681-3p,10
NEAT1,hsa-miR-216a-3p,10
NEAT1,hsa-miR-140-3p,10
NEAT1,hsa-miR-381-3p,1
NEAT1,hsa-miR-300,1
NEAT1,hsa-miR-329-3p,11
NEAT1,hsa-miR-362-3p,11
NEAT1,hsa-miR-377-3p,15
NEAT1,hsa-miR-342-3p,15
NEAT1,hsa-miR-29b-3p,12
NEAT1,hsa-miR-29a-3p,11
NEAT1,hsa-miR-29c-3p,11
NEAT1,hsa-miR-4701-5p,4
NEAT1,hsa-miR-588,4
NEAT1,hsa-miR-5000-3p,4
NEAT1,hsa-miR-4436a,2
NEAT1,hsa-miR-513a-5p,1
NEAT1,hsa-miR-494-3p,4
NEAT1,hsa-miR-506-5p,5
NEAT1,hsa-miR-5590-3p,12
NEAT1,hsa-miR-142-5p,12
NEAT1,hsa-miR-3150a-3p,9
NEAT1,hsa-miR-6763-5p,8
NEAT1,hsa-miR-181c-5p,6
NEAT1,hsa-miR-181b-5p,3
NEAT1,hsa-miR-181d-5p,3
NEAT1,hsa-miR-4262,3
NEAT1,hsa-miR-4677-3p,5
NEAT1,hsa-miR-2467-3p,9
NEAT1,hsa-miR-663a,10
NEAT1,hsa-miR-1908-5p,10
NEAT1,hsa-miR-6787-5p,10
NEAT1,hsa-miR-766-5p,10
NEAT1,hsa-miR-665,9
NEAT1,hsa-miR-423-5p,9
NEAT1,hsa-miR-3184-5p,9
NEAT1,hsa-miR-3194-5p,8
NEAT1,hsa-miR-488-3p,5
NEAT1,hsa-miR-433-3p,3
NEAT1,hsa-miR-382-3p,2
NEAT1,hsa-miR-3163,4
NEAT1,hsa-miR-221-3p,15
NEAT1,hsa-miR-222-3p,15
NEAT1,hsa-miR-511-3p,10
NEAT1,hsa-miR-302a-3p,5
NEAT1,hsa-miR-302b-3p,5
NEAT1,hsa-miR-302c-3p,5
NEAT1,hsa-miR-373-3p,5
NEAT1,hsa-miR-302d-3p,5
NEAT1,hsa-miR-372-3p,5
NEAT1,hsa-miR-520a-3p,5
NEAT1,hsa-miR-520c-3p,5
NEAT1,hsa-miR-520d-3p,5
NEAT1,hsa-miR-520e,4
NEAT1,hsa-miR-520b,4
NEAT1,hsa-miR-302e,3
NEAT1,hsa-miR-3611,6
NEAT1,hsa-miR-627-5p,5
NEAT1,hsa-miR-579-3p,4
NEAT1,hsa-miR-664b-3p,4
NEAT1,hsa-miR-516b-5p,4
NEAT1,hsa-miR-144-5p,1
NEAT1,hsa-miR-3163,1
NEAT1,hsa-miR-197-3p,2
NEAT1,hsa-miR-3924,3
NEAT1,hsa-miR-892c-5p,4
NEAT1,hsa-miR-3613-5p,9
NEAT1,hsa-miR-509-3p,7
NEAT1,hsa-miR-1270,6
NEAT1,hsa-miR-620,6
NEAT1,hsa-miR-516b-5p,6
NEAT1,hsa-miR-450b-5p,3
NEAT1,hsa-miR-206,29
NEAT1,hsa-miR-1-3p,29
NEAT1,hsa-miR-613,29
NEAT1,hsa-miR-6884-5p,31
NEAT1,hsa-miR-485-5p,31
NEAT1,hsa-miR-302b-3p,10
NEAT1,hsa-miR-302d-3p,10
NEAT1,hsa-miR-372-3p,10
NEAT1,hsa-miR-520f-3p,10
NEAT1,hsa-miR-302a-3p,10
NEAT1,hsa-miR-302c-3p,10
NEAT1,hsa-miR-373-3p,10
NEAT1,hsa-miR-520a-3p,10
NEAT1,hsa-miR-520c-3p,10
NEAT1,hsa-miR-520d-3p,10
NEAT1,hsa-miR-520e,10
NEAT1,hsa-miR-520b,10
NEAT1,hsa-miR-302e,4
NEAT1,hsa-miR-1197,9
NEAT1,hsa-miR-516a-5p,8
NEAT1,hsa-miR-376c-3p,7
NEAT1,hsa-miR-1252-5p,0
NEAT1,hsa-miR-4662a-5p,30
NEAT1,hsa-miR-29b-3p,37
NEAT1,hsa-miR-29c-3p,37
NEAT1,hsa-miR-29a-3p,37
NEAT1,hsa-miR-493-5p,36
NEAT1,hsa-miR-3145-3p,31
NEAT1,hsa-miR-323a-3p,6
NEAT1,hsa-miR-493-5p,5
NEAT1,hsa-miR-888-5p,1
NEAT1,hsa-miR-670-3p,2
NEAT1,hsa-miR-140-5p,2
NEAT1,hsa-miR-139-5p,1
NEAT1,hsa-miR-522-3p,6
NEAT1,hsa-miR-224-3p,6
NEAT1,hsa-miR-299-3p,5
NEAT1,hsa-miR-3605-5p,4
NEAT1,hsa-miR-3150a-3p,2
NEAT1,hsa-miR-6763-5p,2
NEAT1,hsa-miR-342-3p,3
NEAT1,hsa-miR-483-3p,3
NEAT1,hsa-miR-505-3p,13
NEAT1,hsa-miR-889-3p,8
NEAT1,hsa-miR-450b-5p,5
NEAT1,hsa-miR-3145-3p,6
NEAT1,hsa-miR-520g-3p,15
NEAT1,hsa-miR-520h,15
NEAT1,hsa-miR-1323,9
NEAT1,hsa-miR-548o-3p,9
NEAT1,hsa-miR-577,6
NEAT1,hsa-miR-6835-3p,8
NEAT1,hsa-miR-876-5p,8
NEAT1,hsa-miR-541-5p,6
NEAT1,hsa-miR-3167,5
NEAT1,hsa-miR-182-5p,6
NEAT1,hsa-miR-6849-5p,6
NEAT1,hsa-miR-3681-5p,6
NEAT1,hsa-miR-892c-5p,11
NEAT1,hsa-miR-4428,4
NEAT1,hsa-miR-5586-5p,2
NEAT1,hsa-miR-3121-3p,2
NEAT1,hsa-miR-580-3p,3
NEAT1,hsa-miR-340-5p,5
NEAT1,hsa-miR-299-5p,7
NEAT1,hsa-miR-3679-5p,7
NEAT1,hsa-miR-129-5p,3
NEAT1,hsa-miR-374a-5p,2
NEAT1,hsa-miR-374b-5p,2
NEAT1,hsa-miR-361-5p,2
NEAT1,hsa-miR-374a-3p,2
NEAT1,hsa-miR-374a-3p,3
NEAT1,hsa-miR-2115-3p,6
NEAT1,hsa-miR-122-5p,6
NEAT1,hsa-miR-144-3p,15
NEAT1,hsa-miR-499b-5p,4
NEAT1,hsa-miR-216a-5p,5
NEAT1,hsa-miR-545-5p,5
NEAT1,hsa-miR-510-5p,3
NEAT1,hsa-miR-3150a-3p,6
NEAT1,hsa-miR-491-5p,4
NEAT1,hsa-miR-6763-5p,4
NEAT1,hsa-miR-520g-3p,4
NEAT1,hsa-miR-520h,4
NEAT1,hsa-miR-888-5p,4
NEAT1,hsa-miR-200b-3p,6
NEAT1,hsa-miR-200c-3p,6
NEAT1,hsa-miR-429,6
NEAT1,hsa-miR-510-5p,10
NEAT1,hsa-miR-656-3p,13
NEAT1,hsa-miR-3679-5p,13
NEAT1,hsa-miR-1185-5p,12
NEAT1,hsa-miR-129-5p,11
NEAT1,hsa-miR-4703-5p,0
NEAT1,hsa-miR-3942-5p,0
NEAT1,hsa-miR-4766-3p,0
NEAT1,hsa-miR-3163,6
NEAT1,hsa-miR-3174,6
NEAT1,hsa-miR-224-5p,19
NEAT1,hsa-miR-1343-3p,2
NEAT1,hsa-miR-6783-3p,2
NEAT1,hsa-miR-483-3p,2
NEAT1,hsa-miR-520a-5p,3
NEAT1,hsa-miR-525-5p,3
NEAT1,hsa-miR-3121-3p,3
NEAT1,hsa-miR-136-5p,9
NEAT1,hsa-miR-122-5p,8
NEAT1,hsa-miR-599,0
NEAT1,hsa-miR-126-5p,2
NEAT1,hsa-miR-892c-5p,3
NEAT1,hsa-miR-2355-3p,7
NEAT1,hsa-miR-676-3p,7
NEAT1,hsa-miR-122-5p,15
NEAT1,hsa-miR-5094,9
NEAT1,hsa-miR-144-3p,1
NEAT1,hsa-miR-1277-5p,3
NEAT1,hsa-miR-499b-5p,11
NEAT1,hsa-miR-216a-5p,11
NEAT1,hsa-miR-212-5p,2
NEAT1,hsa-miR-556-3p,2
NEAT1,hsa-miR-506-5p,3
NEAT1,hsa-miR-577,1
NEAT1,hsa-miR-450b-5p,1
NEAT1,hsa-miR-383-5p,3
NEAT1,hsa-miR-1277-5p,7
NEAT1,hsa-miR-580-3p,4
NEAT1,hsa-miR-331-3p,8
NEAT1,hsa-miR-495-3p,14
NEAT1,hsa-miR-5688,14
NEAT1,hsa-miR-30c-5p,14
NEAT1,hsa-miR-30b-5p,14
NEAT1,hsa-miR-30a-5p,14
NEAT1,hsa-miR-30d-5p,14
NEAT1,hsa-miR-30e-5p,14
NEAT1,hsa-miR-545-5p,13
NEAT1,hsa-miR-556-5p,10
NEAT1,hsa-miR-4637,12
NEAT1,hsa-miR-7153-5p,11
NEAT1,hsa-miR-146a-5p,11
NEAT1,hsa-miR-146b-5p,11
NEAT1,hsa-miR-6884-5p,14
NEAT1,hsa-miR-1197,14
NEAT1,hsa-miR-4428,14
NEAT1,hsa-miR-509-3p,4
NEAT1,hsa-miR-5010-5p,4
NEAT1,hsa-miR-4525,4
NEAT1,hsa-miR-516b-5p,3
NEAT1,hsa-miR-141-3p,3
NEAT1,hsa-miR-200a-3p,3
NEAT1,hsa-miR-582-3p,3
NEAT1,hsa-miR-545-3p,3
NEAT1,hsa-miR-2681-5p,6
NEAT1,hsa-miR-1197,3
NEAT1,hsa-miR-5000-3p,3
NEAT1,hsa-miR-4436a,1
NEAT1,hsa-miR-152-3p,6
NEAT1,hsa-miR-148a-3p,6
NEAT1,hsa-miR-148b-3p,6
NEAT1,hsa-miR-889-3p,7
NEAT1,hsa-miR-452-5p,8
NEAT1,hsa-miR-4676-3p,8
NEAT1,hsa-miR-892c-3p,8
NEAT1,hsa-miR-33a-5p,6
NEAT1,hsa-miR-33b-5p,6
NEAT1,hsa-miR-125a-5p,4
NEAT1,hsa-miR-125b-5p,3
NEAT1,hsa-miR-4319,3
NEAT1,hsa-miR-516b-5p,17
NEAT1,hsa-miR-514a-5p,17
NEAT1,hsa-miR-320a,18
NEAT1,hsa-miR-320b,18
NEAT1,hsa-miR-320c,18
NEAT1,hsa-miR-4429,18
NEAT1,hsa-miR-320d,18
NEAT1,hsa-miR-6509-5p,18
NEAT1,hsa-miR-1185-5p,13
NEAT1,hsa-miR-877-5p,13
NEAT1,hsa-miR-217,5
NEAT1,hsa-miR-6807-3p,5
NEAT1,hsa-miR-370-5p,5
NEAT1,hsa-miR-377-3p,3
NEAT1,hsa-miR-3144-3p,5
NEAT1,hsa-miR-642b-3p,11
NEAT1,hsa-miR-642a-3p,11
NEAT1,hsa-miR-128-3p,8
NEAT1,hsa-miR-3681-3p,8
NEAT1,hsa-miR-216a-3p,8
NEAT1,hsa-miR-4436a,7
NEAT1,hsa-miR-5000-3p,7
NEAT1,hsa-miR-5009-3p,14
NEAT1,hsa-miR-374a-5p,23
NEAT1,hsa-miR-374b-5p,23
NEAT1,hsa-miR-885-5p,22
NEAT1,hsa-miR-539-3p,13
NEAT1,hsa-miR-485-3p,13
NEAT1,hsa-miR-877-5p,2
NEAT1,hsa-miR-382-5p,5
NEAT1,hsa-miR-1252-5p,6
NEAT1,hsa-miR-654-3p,6
NEAT1,hsa-miR-101-3p,5
NEAT1,hsa-miR-3194-3p,7
NEAT1,hsa-miR-326,6
NEAT1,hsa-miR-330-5p,5
NEAT1,hsa-miR-2278,9
NEAT1,hsa-miR-335-5p,8
NEAT1,hsa-miR-455-5p,5
NEAT1,hsa-miR-3150b-3p,17
NEAT1,hsa-miR-4784,17
NEAT1,hsa-miR-2681-5p,20
NEAT1,hsa-miR-4664-3p,7
NEAT1,hsa-miR-452-5p,2
NEAT1,hsa-miR-4676-3p,1
NEAT1,hsa-miR-892c-3p,1
NEAT1,hsa-miR-1180-5p,4
NEAT1,hsa-miR-7114-3p,4
NEAT1,hsa-miR-1286,4
NEAT1,hsa-miR-330-5p,7
NEAT1,hsa-miR-514a-5p,7
NEAT1,hsa-miR-326,7
NEAT1,hsa-miR-186-5p,11
NEAT1,hsa-miR-384,8
NEAT1,hsa-miR-5688,2
NEAT1,hsa-miR-495-3p,2
NEAT1,hsa-miR-483-3p,15
NEAT1,hsa-miR-345-3p,6
NEAT1,hsa-miR-218-5p,4
NEAT1,hsa-miR-196a-5p,9
NEAT1,hsa-miR-196b-5p,9
NEAT1,hsa-let-7g-5p,9
NEAT1,hsa-let-7a-5p,9
NEAT1,hsa-let-7b-5p,9
NEAT1,hsa-let-7c-5p,9
NEAT1,hsa-let-7e-5p,9
NEAT1,hsa-let-7f-5p,9
NEAT1,hsa-let-7d-5p,9
NEAT1,hsa-miR-98-5p,9
NEAT1,hsa-let-7i-5p,9
NEAT1,hsa-miR-4458,9
NEAT1,hsa-miR-519c-5p,10
NEAT1,hsa-miR-523-5p,10
NEAT1,hsa-miR-518e-5p,10
NEAT1,hsa-miR-522-5p,10
NEAT1,hsa-miR-519a-5p,10
NEAT1,hsa-miR-519b-5p,10
NEAT1,hsa-miR-4500,9
NEAT1,hsa-miR-518f-5p,10
NEAT1,hsa-miR-526a,10
NEAT1,hsa-miR-520c-5p,10
NEAT1,hsa-miR-518d-5p,10
NEAT1,hsa-miR-510-5p,15
NEAT1,hsa-miR-3139,17
NEAT1,hsa-miR-708-5p,16
NEAT1,hsa-miR-28-5p,16
NEAT1,hsa-miR-668-3p,14
NEAT1,hsa-miR-802,11
NEAT1,hsa-miR-194-5p,11
NEAT1,hsa-miR-377-3p,4
NEAT1,hsa-miR-514a-3p,4
NEAT1,hsa-miR-514b-3p,4
NEAT1,hsa-miR-3918,3
NEAT1,hsa-miR-2467-3p,4
NEAT1,hsa-miR-330-3p,2
NEAT1,hsa-miR-1252-5p,3
NEAT1,hsa-miR-377-3p,1
NEAT1,hsa-miR-135b-5p,5
NEAT1,hsa-miR-135a-5p,5
NEAT1,hsa-miR-4731-5p,7
NEAT1,hsa-miR-485-5p,7
NEAT1,hsa-miR-4739,8
NEAT1,hsa-miR-6884-5p,7
NEAT1,hsa-miR-4756-5p,8
NEAT1,hsa-miR-1321,8
NEAT1,hsa-miR-193a-3p,4
NEAT1,hsa-miR-193b-3p,4
NEAT1,hsa-miR-3187-3p,4
NEAT1,hsa-miR-486-5p,9
NEAT1,hsa-miR-147a,14
NEAT1,hsa-miR-301a-3p,13
NEAT1,hsa-miR-301b-3p,13
NEAT1,hsa-miR-454-3p,13
NEAT1,hsa-miR-130a-3p,13
NEAT1,hsa-miR-130b-3p,13
NEAT1,hsa-miR-148a-3p,13
NEAT1,hsa-miR-148b-3p,13
NEAT1,hsa-miR-3666,13
NEAT1,hsa-miR-152-3p,13
NEAT1,hsa-miR-128-3p,13
NEAT1,hsa-miR-3681-3p,13
NEAT1,hsa-miR-216a-3p,13
NEAT1,hsa-miR-4295,13
NEAT1,hsa-miR-455-3p,15
NEAT1,hsa-miR-132-3p,15
NEAT1,hsa-miR-212-3p,15
NEAT1,hsa-miR-421,15
NEAT1,hsa-miR-653-5p,5
NEAT1,hsa-miR-545-5p,3
NEAT1,hsa-miR-139-5p,3
NEAT1,hsa-miR-493-5p,1
NEAT1,hsa-miR-4731-5p,4
NEAT1,hsa-miR-491-5p,9
NEAT1,hsa-miR-23c,5
NEAT1,hsa-miR-23b-3p,5
NEAT1,hsa-miR-23a-3p,5
NEAT1,hsa-miR-130a-5p,5
NEAT1,hsa-miR-1276,2
NEAT1,hsa-miR-1-3p,1
NEAT1,hsa-miR-206,1
NEAT1,hsa-miR-613,1
NEAT1,hsa-miR-1276,3
NEAT1,hsa-miR-3924,1
NEAT1,hsa-miR-873-5p,2
NEAT1,hsa-miR-1287-5p,3
NEAT1,hsa-miR-629-5p,4
NEAT1,hsa-miR-339-5p,2
NEAT1,hsa-miR-10a-5p,2
NEAT1,hsa-miR-10b-5p,2
NEAT1,hsa-miR-522-3p,4
NEAT1,hsa-miR-224-3p,4
NEAT1,hsa-miR-519c-3p,14
NEAT1,hsa-miR-519b-3p,14
NEAT1,hsa-miR-519a-3p,14
NEAT1,hsa-let-7f-5p,18
NEAT1,hsa-miR-98-5p,18
NEAT1,hsa-let-7e-5p,17
NEAT1,hsa-let-7g-5p,17
NEAT1,hsa-let-7i-5p,17
NEAT1,hsa-let-7a-5p,17
NEAT1,hsa-let-7b-5p,17
NEAT1,hsa-let-7c-5p,17
NEAT1,hsa-let-7d-5p,17
NEAT1,hsa-miR-4458,17
NEAT1,hsa-miR-4500,17
NEAT1,hsa-miR-665,17
NEAT1,hsa-miR-641,10
NEAT1,hsa-miR-513a-5p,9
NEAT1,hsa-miR-3617-5p,10
NEAT1,hsa-miR-3681-5p,5
NEAT1,hsa-miR-6849-5p,5
NEAT1,hsa-miR-3121-3p,9
NEAT1,hsa-miR-3529-5p,15
NEAT1,hsa-miR-379-5p,15
NEAT1,hsa-let-7a-5p,16
NEAT1,hsa-let-7b-5p,16
NEAT1,hsa-let-7c-5p,16
NEAT1,hsa-let-7d-5p,16
NEAT1,hsa-let-7e-5p,16
NEAT1,hsa-let-7f-5p,16
NEAT1,hsa-let-7g-5p,16
NEAT1,hsa-let-7i-5p,16
NEAT1,hsa-miR-98-5p,16
NEAT1,hsa-miR-4458,16
NEAT1,hsa-miR-4500,16
NEAT1,hsa-miR-28-3p,16
NEAT1,hsa-miR-1224-5p,17
NEAT1,hsa-miR-34c-5p,16
NEAT1,hsa-miR-449a,16
NEAT1,hsa-miR-449b-5p,16
NEAT1,hsa-miR-34a-5p,16
NEAT1,hsa-miR-26b-5p,4
NEAT1,hsa-miR-4465,4
NEAT1,hsa-miR-26a-5p,4
NEAT1,hsa-miR-1297,4
NEAT1,hsa-miR-144-3p,5
NEAT1,hsa-miR-542-3p,7
NEAT1,hsa-miR-3681-3p,6
NEAT1,hsa-miR-216a-3p,6
NEAT1,hsa-miR-128-3p,6
NEAT1,hsa-miR-1914-3p,9
NEAT1,hsa-miR-5194,9
NEAT1,hsa-miR-6738-5p,9
NEAT1,hsa-miR-3619-5p,6
NEAT1,hsa-miR-214-3p,6
NEAT1,hsa-miR-761,6
NEAT1,hsa-miR-214-3p,5
NEAT1,hsa-miR-761,5
NEAT1,hsa-miR-3619-5p,5
NEAT1,hsa-miR-338-3p,8
NEAT1,hsa-miR-224-5p,7
NEAT1,hsa-miR-556-3p,0
NEAT1,hsa-miR-4644,3
NEAT1,hsa-miR-185-5p,3
NEAT1,hsa-miR-4306,3
NEAT1,hsa-miR-409-5p,4
NEAT1,hsa-miR-200c-3p,1
NEAT1,hsa-miR-200b-3p,1
NEAT1,hsa-miR-429,1
NEAT1,hsa-miR-345-3p,4
NEAT1,hsa-miR-1278,11
NEAT1,hsa-miR-656-3p,12
NEAT1,hsa-miR-4662a-5p,28
NEAT1,hsa-miR-29b-3p,30
NEAT1,hsa-miR-29c-3p,30
NEAT1,hsa-miR-29a-3p,30
NEAT1,hsa-miR-582-5p,2
NEAT1,hsa-miR-670-3p,4
NEAT1,hsa-miR-224-3p,10
NEAT1,hsa-miR-522-3p,10
NEAT1,hsa-miR-1-3p,11
NEAT1,hsa-miR-206,11
NEAT1,hsa-miR-613,11
NEAT1,hsa-miR-182-5p,4
NEAT1,hsa-miR-31-5p,4
NEAT1,hsa-miR-425-5p,11
NEAT1,hsa-miR-18a-5p,6
NEAT1,hsa-miR-18b-5p,6
NEAT1,hsa-miR-545-3p,10
NEAT1,hsa-miR-4735-3p,6
NEAT1,hsa-miR-29b-3p,10
NEAT1,hsa-miR-29a-3p,9
NEAT1,hsa-miR-29c-3p,9
NEAT1,hsa-miR-24-3p,9
NEAT1,hsa-miR-340-5p,1
NEAT1,hsa-miR-1277-5p,1
NEAT1,hsa-miR-5590-3p,2
NEAT1,hsa-miR-142-5p,2
NEAT1,hsa-miR-224-5p,5
NEAT1,hsa-miR-3200-3p,1
NEAT1,hsa-miR-302d-3p,2
NEAT1,hsa-miR-373-3p,2
NEAT1,hsa-miR-302a-3p,2
NEAT1,hsa-miR-512-3p,1
NEAT1,hsa-miR-302b-3p,1
NEAT1,hsa-miR-302c-3p,1
NEAT1,hsa-miR-372-3p,1
NEAT1,hsa-miR-520a-3p,1
NEAT1,hsa-miR-520c-3p,1
NEAT1,hsa-miR-520d-3p,1
NEAT1,hsa-miR-17-5p,1
NEAT1,hsa-miR-20a-5p,1
NEAT1,hsa-miR-93-5p,1
NEAT1,hsa-miR-106a-5p,1
NEAT1,hsa-miR-20b-5p,1
NEAT1,hsa-miR-520g-3p,1
NEAT1,hsa-miR-520e,1
NEAT1,hsa-miR-520b,1
NEAT1,hsa-miR-526b-3p,1
NEAT1,hsa-miR-106b-5p,1
NEAT1,hsa-miR-519d-3p,1
NEAT1,hsa-miR-520h,1
NEAT1,hsa-miR-302e,1
NEAT1,hsa-miR-150-5p,1
NEAT1,hsa-miR-1343-3p,6
NEAT1,hsa-miR-6783-3p,6
NEAT1,hsa-miR-874-3p,2
NEAT1,hsa-miR-224-5p,2
NEAT1,hsa-miR-129-5p,15
NEAT1,hsa-miR-23a-3p,13
NEAT1,hsa-miR-23b-3p,13
NEAT1,hsa-miR-23c,12
NEAT1,hsa-miR-130a-5p,12
NEAT1,hsa-miR-382-3p,12
NEAT1,hsa-miR-500a-3p,7
NEAT1,hsa-miR-628-5p,5
NEAT1,hsa-miR-802,1
NEAT1,hsa-miR-512-3p,8
NEAT1,hsa-miR-128-3p,7
NEAT1,hsa-miR-216a-3p,7
NEAT1,hsa-miR-641,1
NEAT1,hsa-miR-3617-5p,1
NEAT1,hsa-miR-494-3p,8
NEAT1,hsa-miR-655-3p,7
NEAT1,hsa-miR-374c-5p,7
NEAT1,hsa-miR-3126-5p,1
NEAT1,hsa-miR-6875-5p,1
NEAT1,hsa-miR-505-3p,4
NEAT1,hsa-miR-576-5p,2
NEAT1,hsa-miR-6783-3p,3
NEAT1,hsa-miR-378g,3
NEAT1,hsa-miR-1343-3p,3
NEAT1,hsa-miR-616-3p,7
NEAT1,hsa-miR-338-3p,9
NEAT1,hsa-miR-409-5p,7
NEAT1,hsa-miR-670-5p,6
NEAT1,hsa-miR-212-5p,1
NEAT1,hsa-miR-483-5p,1
NEAT1,hsa-miR-6783-3p,11
NEAT1,hsa-miR-1343-3p,10
NEAT1,hsa-miR-454-3p,7
NEAT1,hsa-miR-301a-3p,7
NEAT1,hsa-miR-301b-3p,7
NEAT1,hsa-miR-3666,7
NEAT1,hsa-miR-130a-3p,7
NEAT1,hsa-miR-130b-3p,7
NEAT1,hsa-miR-4295,7
NEAT1,hsa-miR-6805-3p,3
NEAT1,hsa-miR-5691,2
NEAT1,hsa-miR-576-5p,0
NEAT1,hsa-miR-377-3p,8
NEAT1,hsa-miR-513b-5p,6
NEAT1,hsa-miR-296-3p,7
NEAT1,hsa-miR-2467-3p,5
NEAT1,hsa-miR-148a-3p,5
NEAT1,hsa-miR-148b-3p,5
NEAT1,hsa-miR-152-3p,5
NEAT1,hsa-miR-3605-3p,6
NEAT1,hsa-miR-138-5p,5
NEAT1,hsa-miR-3194-5p,3
NEAT1,hsa-miR-495-3p,5
NEAT1,hsa-miR-5688,5
NEAT1,hsa-miR-342-3p,6
NEAT1,hsa-miR-216a-3p,3
NEAT1,hsa-miR-3681-3p,3
NEAT1,hsa-miR-128-3p,3
NEAT1,hsa-miR-3121-3p,0
NEAT1,hsa-miR-410-3p,2
NEAT1,hsa-miR-374c-5p,3
NEAT1,hsa-miR-655-3p,3
NEAT1,hsa-miR-3163,3
NEAT1,hsa-miR-144-5p,3
NEAT1,hsa-miR-3679-5p,3
NEAT1,hsa-miR-1185-5p,1
NEAT1,hsa-miR-3163,0
NEAT1,hsa-miR-320a,2
NEAT1,hsa-miR-320b,2
NEAT1,hsa-miR-320c,2
NEAT1,hsa-miR-9-3p,2
NEAT1,hsa-miR-4429,2
NEAT1,hsa-miR-320d,2
NEAT1,hsa-miR-766-5p,1
NEAT1,hsa-miR-802,3
NEAT1,hsa-miR-2114-3p,3
NEAT1,hsa-miR-6823-3p,3
NEAT1,hsa-miR-1306-5p,5
NEAT1,hsa-miR-3622b-5p,13
NEAT1,hsa-miR-4761-3p,14
NEAT1,hsa-miR-588,11
NEAT1,hsa-miR-4701-5p,11
NEAT1,hsa-miR-1323,2
NEAT1,hsa-miR-548o-3p,2
NEAT1,hsa-miR-5010-5p,13
NEAT1,hsa-miR-4525,13
NEAT1,hsa-miR-3187-3p,13
NEAT1,hsa-miR-760,13
NEAT1,hsa-miR-330-5p,11
NEAT1,hsa-miR-326,11
NEAT1,hsa-miR-6884-5p,5
NEAT1,hsa-miR-485-5p,4
NEAT1,hsa-miR-503-5p,6
NEAT1,hsa-miR-15a-5p,6
NEAT1,hsa-miR-16-5p,6
NEAT1,hsa-miR-15b-5p,6
NEAT1,hsa-miR-424-5p,6
NEAT1,hsa-miR-6838-5p,6
NEAT1,hsa-miR-195-5p,6
NEAT1,hsa-miR-497-5p,6
NEAT1,hsa-miR-214-5p,1
NEAT1,hsa-miR-33a-5p,1
NEAT1,hsa-miR-33b-5p,1
NEAT1,hsa-miR-1908-5p,4
NEAT1,hsa-miR-3180-3p,5
NEAT1,hsa-miR-6816-5p,5
NEAT1,hsa-miR-3180,5
NEAT1,hsa-miR-3196,4
NEAT1,hsa-miR-663a,4
NEAT1,hsa-miR-6787-5p,4
NEAT1,hsa-miR-331-3p,0
NEAT1,hsa-miR-3194-5p,0
NEAT1,hsa-miR-339-5p,0
NEAT1,hsa-miR-328-3p,0
NEAT1,hsa-miR-361-3p,0
NEAT1,hsa-miR-874-3p,1
NEAT1,hsa-miR-455-5p,1
NEAT1,hsa-miR-205-5p,1
NEAT1,hsa-miR-142-5p,4
NEAT1,hsa-miR-5590-3p,4
NEAT1,hsa-miR-506-5p,7
NEAT1,hsa-miR-302d-3p,7
NEAT1,hsa-miR-372-3p,7
NEAT1,hsa-miR-373-3p,7
NEAT1,hsa-miR-520d-3p,7
NEAT1,hsa-miR-520a-3p,7
NEAT1,hsa-miR-520c-3p,7
NEAT1,hsa-miR-520g-3p,7
NEAT1,hsa-miR-302a-3p,6
NEAT1,hsa-miR-520e,6
NEAT1,hsa-miR-520b,6
NEAT1,hsa-miR-17-5p,6
NEAT1,hsa-miR-20a-5p,6
NEAT1,hsa-miR-93-5p,6
NEAT1,hsa-miR-106a-5p,6
NEAT1,hsa-miR-20b-5p,6
NEAT1,hsa-miR-526b-3p,6
NEAT1,hsa-miR-519d-3p,6
NEAT1,hsa-miR-302b-3p,6
NEAT1,hsa-miR-302c-3p,6
NEAT1,hsa-miR-520h,6
NEAT1,hsa-miR-106b-5p,6
NEAT1,hsa-miR-302e,6
NEAT1,hsa-miR-150-5p,6
NEAT1,hsa-miR-2681-5p,1
NEAT1,hsa-miR-1306-5p,0
NEAT1,hsa-miR-122-5p,2
NEAT1,hsa-miR-142-5p,3
NEAT1,hsa-miR-5590-3p,3
NEAT1,hsa-miR-577,3
NEAT1,hsa-miR-670-3p,1
NEAT1,hsa-miR-487b-3p,2
NEAT1,hsa-miR-487a-3p,3
NEAT1,hsa-miR-154-3p,3
NEAT1,hsa-miR-188-5p,5
NEAT1,hsa-miR-6866-3p,5
NEAT1,hsa-miR-542-3p,6
NEAT1,hsa-miR-1-3p,6
NEAT1,hsa-miR-206,6
NEAT1,hsa-miR-613,5
NEAT1,hsa-miR-766-5p,4
NEAT1,hsa-miR-3150a-3p,4
NEAT1,hsa-miR-580-3p,12
NEAT1,hsa-miR-665,16
NEAT1,hsa-miR-185-5p,17
NEAT1,hsa-miR-4644,17
NEAT1,hsa-miR-4306,17
NEAT1,hsa-miR-483-5p,29
NEAT1,hsa-miR-455-3p,29
NEAT1,hsa-miR-6838-5p,29
NEAT1,hsa-miR-15a-5p,27
NEAT1,hsa-miR-16-5p,27
NEAT1,hsa-miR-497-5p,27
NEAT1,hsa-miR-195-5p,27
NEAT1,hsa-miR-424-5p,27
NEAT1,hsa-miR-15b-5p,27
NEAT1,hsa-miR-3681-3p,27
NEAT1,hsa-miR-216a-3p,27
NEAT1,hsa-miR-128-3p,27
NEAT1,hsa-miR-505-3p,19
NEAT1,hsa-miR-122-5p,11
NEAT1,hsa-miR-574-5p,11
NEAT1,hsa-miR-301a-3p,9
NEAT1,hsa-miR-130b-3p,9
NEAT1,hsa-miR-454-3p,9
NEAT1,hsa-miR-301b-3p,9
NEAT1,hsa-miR-19a-3p,8
NEAT1,hsa-miR-19b-3p,8
NEAT1,hsa-miR-148a-3p,8
NEAT1,hsa-miR-148b-3p,8
NEAT1,hsa-miR-130a-3p,8
NEAT1,hsa-miR-3666,8
NEAT1,hsa-miR-152-3p,8
NEAT1,hsa-miR-4295,8
NEAT1,hsa-miR-3145-3p,8
NEAT1,hsa-miR-376b-3p,8
NEAT1,hsa-miR-376a-3p,8
NEAT1,hsa-miR-382-3p,3
NEAT1,hsa-miR-493-5p,3
NEAT1,hsa-miR-599,3
NEAT1,hsa-miR-552-3p,4
NEAT1,hsa-miR-365a-3p,6
NEAT1,hsa-miR-365b-3p,6
NEAT1,hsa-miR-449a,5
NEAT1,hsa-miR-449b-5p,5
NEAT1,hsa-miR-34c-5p,5
NEAT1,hsa-miR-34a-5p,5
NEAT1,hsa-miR-138-5p,4
NEAT1,hsa-miR-3118,3
NEAT1,hsa-miR-134-5p,3
NEAT1,hsa-miR-758-3p,3
NEAT1,hsa-miR-3145-3p,3
NEAT1,hsa-miR-3179,1
NEAT1,hsa-miR-22-3p,3
NEAT1,hsa-miR-320a,3
NEAT1,hsa-miR-320b,3
NEAT1,hsa-miR-320c,3
NEAT1,hsa-miR-4429,3
NEAT1,hsa-miR-320d,3
NEAT1,hsa-miR-642a-5p,5
NEAT1,hsa-miR-328-3p,6
NEAT1,hsa-miR-193a-3p,6
NEAT1,hsa-miR-193b-3p,6
NEAT1,hsa-miR-3118,6
NEAT1,hsa-miR-134-5p,6
NEAT1,hsa-miR-34a-5p,4
NEAT1,hsa-miR-34c-5p,4
NEAT1,hsa-miR-3918,0
NEAT1,hsa-miR-873-5p,1
NEAT1,hsa-miR-186-5p,3
NEAT1,hsa-miR-181a-5p,6
NEAT1,hsa-miR-181b-5p,6
NEAT1,hsa-miR-181d-5p,6
NEAT1,hsa-miR-543,6
NEAT1,hsa-miR-494-3p,6
NEAT1,hsa-miR-4262,6
NEAT1,hsa-miR-16-5p,4
NEAT1,hsa-miR-195-5p,4
NEAT1,hsa-miR-15a-5p,4
NEAT1,hsa-miR-15b-5p,4
NEAT1,hsa-miR-424-5p,4
NEAT1,hsa-miR-6838-5p,4
NEAT1,hsa-miR-497-5p,4
NEAT1,hsa-miR-342-3p,1
NEAT1,hsa-miR-1-3p,3
NEAT1,hsa-miR-206,3
NEAT1,hsa-miR-613,3
NEAT1,hsa-miR-491-5p,3
NEAT1,hsa-miR-615-3p,31
NEAT1,hsa-miR-654-5p,30
NEAT1,hsa-miR-541-3p,30
NEAT1,hsa-miR-1224-5p,31
NEAT1,hsa-miR-942-5p,5
NEAT1,hsa-miR-3200-5p,6
NEAT1,hsa-miR-2467-3p,8
NEAT1,hsa-miR-24-3p,5
NEAT1,hsa-miR-3619-5p,8
NEAT1,hsa-miR-214-3p,8
NEAT1,hsa-miR-761,8
NEAT1,hsa-miR-6799-3p,8
NEAT1,hsa-miR-3173-5p,7
NEAT1,hsa-miR-3139,6
NEAT1,hsa-miR-708-5p,5
NEAT1,hsa-miR-28-5p,5
NEAT1,hsa-miR-296-5p,0
NEAT1,hsa-miR-4739,1
NEAT1,hsa-miR-4756-5p,1
NEAT1,hsa-miR-1321,1
NEAT1,hsa-miR-3064-5p,1
NEAT1,hsa-miR-6504-5p,1
NEAT1,hsa-miR-664b-3p,3
NEAT1,hsa-miR-579-3p,3
NEAT1,hsa-miR-3194-3p,4
NEAT1,hsa-miR-331-3p,1
NEAT1,hsa-miR-3194-3p,1
NEAT1,hsa-miR-760,1
NEAT1,hsa-miR-24-3p,2
NEAT1,hsa-miR-29b-3p,6
NEAT1,hsa-miR-29c-3p,6
NEAT1,hsa-miR-29a-3p,6
NEAT1,hsa-miR-3690,15
NEAT1,hsa-miR-296-5p,9
NEAT1,hsa-miR-3918,9
NEAT1,hsa-miR-224-5p,8
NEAT1,hsa-miR-490-3p,7
NEAT1,hsa-miR-296-5p,4
NEAT1,hsa-miR-3918,4
NEAT1,hsa-miR-6783-3p,7
NEAT1,hsa-miR-1343-3p,7
NEAT1,hsa-miR-370-5p,6
NEAT1,hsa-miR-330-5p,4
NEAT1,hsa-miR-326,3
NEAT1,hsa-miR-522-3p,3
NEAT1,hsa-miR-224-3p,3
NEAT1,hsa-miR-506-3p,2
NEAT1,hsa-miR-124-3p,1
NEAT1,hsa-miR-135b-5p,7
NEAT1,hsa-miR-135a-5p,7
NEAT1,hsa-miR-3174,7
NEAT1,hsa-miR-520a-5p,1
NEAT1,hsa-miR-642a-5p,6
NEAT1,hsa-miR-328-3p,9
NEAT1,hsa-miR-18a-5p,9
NEAT1,hsa-miR-18b-5p,9
NEAT1,hsa-miR-4735-3p,9
NEAT1,hsa-miR-552-3p,11
NEAT1,hsa-miR-330-5p,9
NEAT1,hsa-miR-6805-3p,9
NEAT1,hsa-miR-326,9
NEAT1,hsa-miR-5691,9
NEAT1,hsa-miR-545-3p,7
NEAT1,hsa-miR-183-5p,5
NEAT1,hsa-miR-361-3p,5
NEAT1,hsa-miR-1306-5p,2
NEAT1,hsa-miR-545-5p,11
DLGAP1-AS1,hsa-miR-425-5p,1
DLGAP1-AS1,hsa-miR-5000-3p,1
DLGAP1-AS1,hsa-miR-4436a,1
DLGAP1-AS1,hsa-miR-542-3p,1
DLGAP1-AS1,hsa-miR-138-5p,1
DLGAP1-AS1,hsa-miR-1252-5p,3
DLGAP1-AS1,hsa-miR-628-5p,3
NR2F2-AS1,hsa-miR-320a,0
NR2F2-AS1,hsa-miR-320b,0
NR2F2-AS1,hsa-miR-320c,0
NR2F2-AS1,hsa-miR-320d,0
NR2F2-AS1,hsa-miR-4429,0
NR2F2-AS1,hsa-miR-18a-5p,0
NR2F2-AS1,hsa-miR-18b-5p,0
NR2F2-AS1,hsa-miR-4735-3p,0
NR2F2-AS1,hsa-miR-23a-3p,0
NR2F2-AS1,hsa-miR-23c,0
NR2F2-AS1,hsa-miR-23b-3p,0
NR2F2-AS1,hsa-miR-130a-5p,0
NR2F2-AS1,hsa-miR-320c,10
NR2F2-AS1,hsa-miR-4429,10
NR2F2-AS1,hsa-miR-320a,10
NR2F2-AS1,hsa-miR-320b,10
NR2F2-AS1,hsa-miR-320d,10
NR2F2-AS1,hsa-miR-620,13
NR2F2-AS1,hsa-miR-1270,13
NR2F2-AS1,hsa-miR-620,0
NR2F2-AS1,hsa-miR-1270,0
NR2F2-AS1,hsa-miR-3180-3p,0
NR2F2-AS1,hsa-miR-23a-3p,1
NR2F2-AS1,hsa-miR-23b-3p,1
NR2F2-AS1,hsa-miR-130a-5p,1
NR2F2-AS1,hsa-miR-23c,1
NR2F2-AS1,hsa-miR-4735-3p,1
NR2F2-AS1,hsa-miR-18a-5p,1
NR2F2-AS1,hsa-miR-18b-5p,1
NR2F2-AS1,hsa-miR-19a-3p,1
NR2F2-AS1,hsa-miR-19b-3p,1
NR2F2-AS1,hsa-miR-3180-3p,1
NR2F2-AS1,hsa-miR-876-5p,1
NR2F2-AS1,hsa-miR-3167,1
LINC01915,hsa-miR-367-3p,1
LINC01915,hsa-miR-25-3p,1
LINC01915,hsa-miR-32-5p,1
LINC01915,hsa-miR-92a-3p,1
LINC01915,hsa-miR-363-3p,1
LINC01915,hsa-miR-92b-3p,1
PRNCR1,hsa-miR-9-3p,0
PRNCR1,hsa-miR-4766-3p,1
PRNCR1,hsa-miR-371a-5p,1
PRNCR1,hsa-miR-9-3p,1
PRNCR1,hsa-miR-4766-3p,0
MIR181A1HG,hsa-miR-513c-5p,1
MIR181A1HG,hsa-miR-514b-5p,1
MIR181A1HG,hsa-miR-1269b,1
MIR181A1HG,hsa-miR-1269a,1
MIR181A1HG,hsa-miR-103a-3p,1
MIR181A1HG,hsa-miR-107,1
MIR181A1HG,hsa-miR-625-5p,1
MIR181A1HG,hsa-miR-376c-3p,2
MIR181A1HG,hsa-miR-411-5p,2
MIR181A1HG,hsa-miR-874-3p,1
MIR181A1HG,hsa-miR-339-5p,1
MIR181A1HG,hsa-miR-488-3p,1
MIR181A1HG,hsa-miR-186-5p,1
MIR181A1HG,hsa-miR-545-3p,1
MIR181A1HG,hsa-miR-330-3p,1
MIR181A1HG,hsa-miR-6835-3p,1
ZFPM2-AS1,hsa-miR-511-3p,1
MSC-AS1,hsa-miR-4784,1
MSC-AS1,hsa-miR-3150b-3p,1
MSC-AS1,hsa-miR-3924,1
MSC-AS1,hsa-miR-302d-3p,1
MSC-AS1,hsa-miR-373-3p,1
MSC-AS1,hsa-miR-520d-3p,1
MSC-AS1,hsa-miR-372-3p,1
MSC-AS1,hsa-miR-520a-3p,1
MSC-AS1,hsa-miR-520c-3p,1
MSC-AS1,hsa-miR-302a-3p,1
MSC-AS1,hsa-miR-302b-3p,1
MSC-AS1,hsa-miR-302c-3p,1
MSC-AS1,hsa-miR-520e,1
MSC-AS1,hsa-miR-520b,1
MSC-AS1,hsa-miR-302e,1
MSC-AS1,hsa-miR-302a-3p,0
MSC-AS1,hsa-miR-373-3p,0
MSC-AS1,hsa-miR-302b-3p,0
MSC-AS1,hsa-miR-302c-3p,0
MSC-AS1,hsa-miR-302d-3p,0
MSC-AS1,hsa-miR-520c-3p,0
MSC-AS1,hsa-miR-520a-3p,0
MSC-AS1,hsa-miR-520d-3p,0
MSC-AS1,hsa-miR-520e,0
MSC-AS1,hsa-miR-520b,0
MSC-AS1,hsa-miR-372-3p,0
MSC-AS1,hsa-miR-302e,0
CASC15,hsa-miR-3619-5p,1
CASC15,hsa-miR-214-3p,1
CASC15,hsa-miR-761,1
CASC15,hsa-miR-148a-3p,0
CASC15,hsa-miR-148b-3p,0
CASC15,hsa-miR-152-3p,0
CASC15,hsa-miR-448,2
CASC15,hsa-miR-148a-3p,2
CASC15,hsa-miR-148b-3p,2
CASC15,hsa-miR-152-3p,2
GAS6-AS1,hsa-miR-483-3p,1
GAS6-AS1,hsa-miR-370-5p,1
GAS6-AS1,hsa-miR-766-5p,0
GAS6-AS1,hsa-miR-708-5p,0
GAS6-AS1,hsa-miR-28-5p,0
GAS6-AS1,hsa-miR-3139,0
GAS6-AS1,hsa-miR-3179,1
GAS6-AS1,hsa-miR-148a-3p,1
GAS6-AS1,hsa-miR-148b-3p,1
GAS6-AS1,hsa-miR-152-3p,1
GAS6-AS1,hsa-miR-6746-3p,1
GAS6-AS1,hsa-miR-3200-5p,2
GAS6-AS1,hsa-miR-370-3p,2
GAS6-AS1,hsa-miR-6893-3p,2
GAS6-AS1,hsa-miR-3200-3p,2
GAS6-AS1,hsa-miR-129-1-3p,2
GAS6-AS1,hsa-miR-129-2-3p,2
GAS6-AS1,hsa-miR-148a-3p,0
GAS6-AS1,hsa-miR-148b-3p,0
GAS6-AS1,hsa-miR-152-3p,0
GAS6-AS1,hsa-miR-3139,1
GAS6-AS1,hsa-miR-708-5p,1
GAS6-AS1,hsa-miR-28-5p,1
GAS6-AS1,hsa-miR-6799-3p,1
GAS6-AS1,hsa-miR-3173-5p,1
GAS6-AS1,hsa-miR-328-3p,1
GAS6-AS1,hsa-miR-330-5p,1
GAS6-AS1,hsa-miR-326,1
GAS6-AS1,hsa-miR-6799-3p,0
GAS6-AS1,hsa-miR-6893-3p,0
GAS6-AS1,hsa-miR-370-3p,0
GAS6-AS1,hsa-miR-3173-5p,0
GAS6-AS1,hsa-miR-766-5p,1
GAS6-AS1,hsa-miR-4739,1
GAS6-AS1,hsa-miR-4756-5p,1
GAS6-AS1,hsa-miR-1321,1
GAS6-AS1,hsa-miR-19a-3p,1
GAS6-AS1,hsa-miR-19b-3p,1
GAS6-AS1,hsa-miR-579-3p,1
GAS6-AS1,hsa-miR-664b-3p,1
GAS6-AS1,hsa-miR-3200-5p,0
GAS6-AS1,hsa-miR-129-1-3p,0
GAS6-AS1,hsa-miR-129-2-3p,0
GAS6-AS1,hsa-miR-2467-3p,0
GAS6-AS1,hsa-miR-4739,0
GAS6-AS1,hsa-miR-4756-5p,0
GAS6-AS1,hsa-miR-1321,0
GAS6-AS1,hsa-miR-328-3p,0
GAS6-AS1,hsa-miR-30c-5p,1
GAS6-AS1,hsa-miR-30b-5p,1
GAS6-AS1,hsa-miR-30a-5p,1
GAS6-AS1,hsa-miR-30d-5p,1
GAS6-AS1,hsa-miR-30e-5p,1
GAS6-AS1,hsa-miR-2467-3p,1
LINC01235,hsa-miR-766-5p,0
LINC01235,hsa-miR-766-5p,2
LINC01235,hsa-miR-520f-3p,2
LNCTAM34A,hsa-miR-579-3p,1
LNCTAM34A,hsa-miR-664b-3p,1
LINC01013,hsa-miR-199a-5p,1
LINC01013,hsa-miR-199b-5p,1
PURPL,hsa-miR-377-3p,1
PURPL,hsa-miR-342-3p,1
PURPL,hsa-miR-29a-3p,1
PURPL,hsa-miR-29c-3p,1
PURPL,hsa-miR-29b-3p,1
PURPL,hsa-miR-221-3p,1
PURPL,hsa-miR-222-3p,1
PURPL,hsa-miR-1914-3p,1
PURPL,hsa-miR-6738-5p,1
PURPL,hsa-miR-5194,1
PURPL,hsa-miR-330-3p,1
PURPL,hsa-miR-450b-5p,1
PURPL,hsa-miR-2278,0
PURPL,hsa-miR-6509-3p,2
PURPL,hsa-miR-455-3p,2
PURPL,hsa-miR-199a-5p,2
PURPL,hsa-miR-199b-5p,2
PURPL,hsa-miR-489-3p,2
PURPL,hsa-miR-2278,2
PURPL,hsa-miR-708-5p,2
PURPL,hsa-miR-3139,2
PURPL,hsa-miR-28-5p,2
PURPL,hsa-miR-367-3p,0
PURPL,hsa-miR-25-3p,0
PURPL,hsa-miR-32-5p,0
PURPL,hsa-miR-92a-3p,0
PURPL,hsa-miR-363-3p,0
PURPL,hsa-miR-92b-3p,0
PURPL,hsa-miR-455-3p,0
PURPL,hsa-miR-135a-5p,1
PURPL,hsa-miR-135b-5p,1
PURPL,hsa-miR-137,1
PURPL,hsa-miR-25-3p,4
PURPL,hsa-miR-367-3p,4
PURPL,hsa-miR-92a-3p,4
PURPL,hsa-miR-363-3p,4
PURPL,hsa-miR-92b-3p,4
PURPL,hsa-miR-32-5p,4
